dining options,chowder bread,food beverage,drinks snacks,wine beer,grab snack,ruby end,food trucks,lunch snacks,bring binoculars,shopping eating,mexican food,lunch snack,cheese bread,bring picnic,clam chowder,mexican restaurant,cheese plate,chicken dinner,food stands,snack shack,water refill,dessert wines,wines tasted,bring blanket,hat sunscreen,food drinks,dining drinking,snack bar,restaurant end,food beverages,junk food,cup tea,grab lunch,food court,sparkling wine,french fries,snacks drinks,picnic tables,diner end,dining establishments,ate dinner,mediocre food,snacks water,dinner buffet,wines delicious,bring warm,sports bar,bring jacket,deli picnic,bring sunscreen,pack lunch,casual dining,souvenir cup,water bottles,ruby diner,wear sunscreen,outdoor shopping,ate lunch,food stalls,eating establishments,beer selection,bottle water,sunscreen hat,beer wine,bring snacks,restaurant choices,eat drink,sparkling wines,food drink,bring hat,outdoor mall,ruby restaurant,italian restaurant,water bottle,food outlets,eating options,burger fries,bring camera,grab drink,bar grill,food booths,ate restaurant,dining options,food choices,lunch dinner,pack picnic,wear hat,lunch cafe,water sunscreen,food vendors,italian food,restaurant bar,dining choices,wine cheese,bring gloves,cup coffee,breakfast lunch,food options,bring water,picnic lunch,drinking water,grab coffee,water snacks,craft beer,grab bite,yummy food,bite eat,food offerings,shopping dining
african american,vietnam era,former president,military planes,aircraft carrier,served military,european paintings,korean vietnam,star wars,vietnam war,native american,american artists,vietnam wars,retired military,former military,american culture,american war,wwii korean,military cemetery,military aircraft,european american,star india,african american,american art,native americans,korean war,men women
paved road,paved path,cycle path,paved paths,path paved,dirt road,paved trail,bike path,badwater road,paved road,lane road,sides road,bike paths,narrow road,road leading,narrow winding,side road,winding roads,winding road,beaten path,paved walkway
yr old,old grandson,old girl,old granddaughter,old daughter,old sac,old son,yr old,year old,old fashioned
impressionist paintings,interactive exhibits,eclectic collection,interactive displays,paintings sculpture,european paintings,vast collection,rodin sculptures,permanent collection,art galleries,beautifully preserved,american culture,art museum,dinosaur exhibits,collection european,collection rodin,special exhibits,art work,munch exhibition,permanent exhibitions,rodin sculpture,collection asian,european art,beautifully restored,temporary exhibitions,rotating exhibits,temporary exhibit,pieces art,impressionist paintings,temporary exhibition,collection contemporary,american art,special exhibitions,contemporary art,rodin klimt,hands exhibits,art collection,permanent collections,lego displays,klimt exhibit,special exhibition,extensive collection,klimt rodin,varied collection,titanic exhibition,otter exhibit,works art,temporary exhibits,asian culture,special exhibit,native american,permanent exhibits,monet exhibit,butterfly exhibit,munch exhibit,beautifully presented,beautifully displayed,art deco,beautifully designed,art pieces,rainforest exhibit,diverse collection,art gallery,current exhibit,titanic exhibit,western art,simon museum,art museums,european american,animal exhibits,beautifully curated,asian art,art collections,dinosaur exhibit,exhibit titanic,modern art,modern contemporary,paintings sculptures
leisurely stroll,leisurely walk,leisurely stroll
parking meters,parking limited,handicap parking,parking plentiful,paid parking,valet parking,parking tricky,parking meters,finding parking,parking nightmare,underground parking,parking tough,parking spaces,parking problem,parking fees,parking available,parking premium,parking fills,ample parking,pay parking,parking difficult,parking challenge,parking garage,metered parking,limited parking
buy annual,buy ticket,reservations ahead,buy tickets,purchase tickets,credit card,fast pass,timed tickets,annual pass,season passes,ticket online,reservation online,flash pass,flash passes,purchased tickets,reservations required,ticket counter,annual membership,cash credit,ticket prices,tickets advance,reservations advance,book ahead,discount card,book tickets,tickets ahead,ticket advance,credit cards,post card,book advance,bought annual,max pass,pre purchased,express pass,tickets online,advance tickets,discounted tickets,booked tickets,ticket booth,senior discount,fast passes,reserved tickets,call ahead,vip pass,advance online,vip ticket,bought tickets,season pass,annual passes,buy annual,tickets sold,ahead online,buying tickets,ticket sales,online advance,ticket validated,booked online,discount tickets,pre booked
feed giraffe,orca encounter,feed giraffes,touch tanks,touch tank,giraffe feeding,sharks rays,sharks penguins,shark tank,baby animals,shark feeding,feeding giraffe,fish sharks,baby giraffes,birds flying,feeding giraffes,touch pools,jelly fish,fed giraffes,feed animals,rays sharks,feed giraffe,touch pool
photo ops,photo op,photo opportunities,photo shots,photo ops,picture opportunities,photo shoot
national cemetery,fort point,military cemetery,national monument,rosecrans national,sequoia national,fort rosecrans,national recreation,rosecrans cemetery,fort bragg,national cemetery,cabrillo monument,cabrillo national,national treasure,yosemite national,military fort,former military,lighthouse cabrillo
heart downtown,heart downtown,located heart
friday morning,thursday evenings,afternoon evening,late afternoon,earlier morning,saturday morning,late spring,mid july,monday morning,mid afternoon,late june,late morning,early morning,july weekend,friday afternoon,sunday afternoon,saturday afternoon,friday morning,late night,sunday morning,late january,wednesday afternoon,weekday afternoon,mid week,mid september,friday evening,friday nights,week january,late evening,late august,weekday morning,thursday evening,mid october,friday saturday,friday night,tuesday thursday,late september,tuesday morning,mid morning,mid august,holiday weekend,saturday night,thursday nights,sunday month,thursday night,went saturday,tuesday month,monday afternoon,later afternoon,saturday sunday,monday tuesday,mid february
first floor,first floor,third floor,nd floor,second floor
green spaces,green space,green spaces
volunteer guides,willing answer,encountered friendly,docents knowledgeable,extremely knowledgeable,guide informative,staff attentive,private tour,knowledgeable docents,staff friendly,vip tour,helpful staff,guide knowledgable,pet friendly,volunteers helpful,knowledgeable funny,guides helpful,audio guides,guided tours,staff member,docents answer,studio tour,docent tours,tour guide,vault tour,staff helpful,staff members,volunteers answer,tour guides,knowledgeable volunteers,knowledgeable guides,volunteers knowledgeable,ask questions,volunteer guides,guided audio,friendly knowledgeable,guides knowledgeable,guided tour,knowledgeable staff,extremely helpful,docents helpful,audio tour,tour lasted,friendly helpful,answer questions,guide extremely,answered questions,helpful knowledgeable,scenes tour,docent tour,helpful informative,audio tours,knowledgable friendly,hand answer,guide knowledgeable,audio guide,staff knowledgeable,self guided,staff accommodating,friendly welcoming,staff volunteers,dog friendly,extended tour,knowledgeable helpful,knowledgeable friendly,job explaining,volunteer docents,willing share,friendly staff,helpful friendly,employees friendly
beautifully decorated,nicely restored,beautifully landscaped,beautifully restored,vast collection,nicely decorated,beautifully decorated,beautifully presented,beautifully curated,beautifully preserved,beautifully displayed,beautifully designed,beautifully maintained
top nob,steep hills,reach top,climbed stairs,stairs lead,top nob,coit tower,steps top,uphill climb,climb stairs,bottom hill,climbing stairs,top tower,steep hill,steep incline,steep steps,nob hill,stairs climb,elevator top,steep climb,atop hill,top hill,steep stairs
wild life,wild life,marine life
flower garden,sculpture garden,japanese tea,sculpture gardens,rose gardens,japanese garden,flower garden,garden japanese,botanical gardens,cactus garden,botanical garden,rose garden,tea garden,japanese gardens,tea gardens
giant redwoods,tree lined,trees majestic,massive trees,majestic redwoods,among redwoods,pine trees,john muir,armstrong woods,giant trees,giant sequoias,redwood forest,armstrong redwoods,giant redwoods,coastal redwoods,muir woods,giant forest,giant sequoia,redwood trees,armstrong redwood,muir trail,cypress tree,sequoia tree,tall trees,sequoia trees,giant redwood,cypress trees,majestic trees
cart safari,cart safari,safari truck
cost per,costs per,buy ticket,additional charge,dollars per,purchase tickets,credit card,timed tickets,extra cost,ticket online,reservation online,fee per,reasonable price,purchased tickets,ticket counter,ticket prices,charge per,tickets advance,entry fee,discount card,book tickets,entrance fee,entrance fees,tickets ahead,ticket advance,admission fees,credit cards,paid per,adult admission,tickets online,advance tickets,discounted tickets,booked tickets,ticket booth,admission reasonable,ticket price,included price,pay enter,included admission,senior discount,ten dollars,admission charge,cost cents,pay extra,additional cost,per adult,extra charge,reserved tickets,fee reasonable,per vehicle,advance online,usd per,vip ticket,admission fee,bought tickets,cost per,pay entrance,cost extra,price admission,paid admission,per person,paying extra,costs dollars,fee enter,discounted price,paid extra,admission price,tickets sold,entry fees,ahead online,buying tickets,price reasonable,cost admission,ticket sales,per ticket,online advance,paying per,ticket validated,booked online,additional fee,discount tickets
sherman tree,sequoia tree,giant sequoia,sherman tree,sequoia trees,general grant,general sherman
eating drinking,dining drinking,eating drinking,casual dining
summer heat,summer months,late august,heat summer,summer heat,mid october,late spring,mid july,spring summer,winter spring,winter months,late september,late june,mid morning,mid august,summer season,hot summer,late january,mid week,mid september,fall winter,mid february
desert oasis,desert oasis,oasis desert
past years,decades ago,last years,years ago,months ago,past years,weeks ago
rented bikes,bike rental,rented bikes,riding bike,rent bikes,riding bikes,bike rentals,rent bike,rode bikes,renting bikes,bike riding,ride bikes
th anniversary,th birthday,birthday celebration,mid century,july th,th century,june th,th anniversary,th july,th grade
play games,games played,play games,basketball games,baseball games,carnival games,arcade machines,playing games,arcade games
otters sea,sea otter,pelicans sea,sea life,seals laying,dolphins seals,elephant seal,otters seals,whales dolphins,seal rookery,seal lions,seals babies,swimming pool,sea wall,seals otters,sea creatures,seals pelicans,seals pups,sea lion,otters dolphins,sea otters,sea birds,lions tigers,sea horses,seal pups,sea shells,seagulls pelicans,elephant seals,dolphins swimming,lions seals,seals sea,sea lions,penguins sea,deep sea,dolphins whales,killer whales,blue dolphins,otters sea
observation deck,observation deck,clock tower,base tower,coit tower,observation tower,top tower
cross bridge,crossing bridge,alcatraz golden,gg bridge,coronado bridge,bridge sausalito,bay bridge,sundial bridge,gate bridge,cross bridge,crossed bridge,bixby bridge,bridge alcatraz
lasted minutes,minute wait,min wait,approximately minutes,waited minutes,waited mins,waited min,lasted minutes,wait minutes,five minutes,ten minute,ten minutes
jolla cove,jolla shores,jolla cove
older kids,teens adults,school children,older children,kids adults,older kids,young children,children ages,children adults,kids ages,young child,kids aged,teenage kids,families young,younger children,families children,young adults,adults kids,young adult,kids age,children alike,families older,adult child,younger kids,kids teens,adult children,adults teens,teenagers adults,adults alike,young kids,adults children
watch gliders,watching gliders,watch surfers,watching waves,watch gliders,watch sunset,watching surfers,watch waves
bit challenge,bit challenge,bit steep,bit challenging
reagan library,reagan library,former president,presidential library,reagan presidential,retired military,former military,president reagan,wwii korean,ronald reagan
early late,early possible,early avoid,closes early,arriving early,arrived late,arrived early,early evening,arrive early,early morning,early late,late morning
angel stadium,angel stadium,game dodger,padres game,dodgers stadium,baseball stadium,angels game,angels stadium,game staples,dodgers game,baseball game,baseball stadiums,dodger stadium,kings game,game attended,baseball fans,clippers game,baseball team,lakers game,giants game,lakers clippers,mlb stadium,dodger fans,dodger game,ball game,basketball game
shop dine,chocolate ice,specialty stores,hotels restaurants,eat shop,quaint shops,selling stuff,chocolate store,specialty shops,shop dine,shops restaurants,mexican restaurants,department stores,snack bars,clothing stores,retail outlets,chocolate sundae,restaurants serving,boutiques restaurants,antique shops,candy shops,cafes restaurants,seafood restaurants,touristy shops,chain stores,outlet stores,retail stores,souvenir shops,cute shops,snack shop,variety stores,shop eat,candy shop,apple store,restaurants bars,souvenir stores,bars cafes,shirt shops,chocolate factory,ghirardelli chocolate,candy store,shops cafes,shops eateries,vendors selling,souvenir shop,cheap souvenirs,antique stores,stalls selling,jewelry clothing,window shop,chain restaurants,bars restaurants,restaurants cafes,shops selling,italian restaurants,stores restaurants,coffee shop,boutique shops,brand stores,candy stores,shops browse,retail shops,selling souvenirs,stores selling,coffee shops,quirky shops
outdoor seating,patio seating,outdoor indoor,outdoor sculpture,outdoor patio,outdoor seating,indoor outdoor
staples center,visitors centre,visitor center,visitor centre,visitors center,convention center,staples center
wear comfortable,dress layers,dress warm,wear hat,sunscreen hat,warm clothes,water sunscreen,wear appropriate,wear layers,wear comfy,wear comfortable,warm jacket,bring hat,comfortable shoes,comfy shoes,bring sunscreen,hat sunscreen,wear sunscreen,pair shoes,appropriate shoes,wear shoes,clothes shoes,dress accordingly
dream come,dream come,come true
true gem,true gem,real gem
downtown la,downtown la,downtown sd
surfing swimming,swimming surfing,playing water,soft white,playing sand,boarding surfing,swimmers surfers,playing volleyball,soft sand,volleyball courts,boogie boards,paddle boarding,sand surf,surfers fishermen,gentle waves,waves surfers,waves crashing,surfing waves,white sandy,purple sand,surfing swimming,sand soft,boogie boarding,surfing boogie,surfers volleyball,swim surf,crashing waves,white sand,catching waves
haunted house,winchester mystery,winchester house,haunted mansion,haunted house,mystery house
buy anything,buy anything,buying anything
along pch,along route,along highway,along coast,along cliffs,along bluffs,along river,along pch,along coastline,along shore,along shoreline
warm clothing,warm clothes,dress warm,warm clothing
bike skate,bike rentals,rent bike,hire bike,renting bikes,rent bikes,renting bike,bike skate,bike rental
hotel del,del coronado,marina del,island balboa,coronado island,coronado hotel,hotel del,monterey peninsula,marina district,north island,balboa island
ca academy,ca academy,california science,california academy
families couples,couples groups,families couples,couples families
trail goes,path goes,trail goes
standing line,stand line,standing line,stood line
cloudy day,rainy day,cloudy day,sunny day,overcast day,labor day,clear day,sunny afternoon
artist palette,artist palette,artists palette
currently closed,closed renovations,currently construction,due renovations,closed renovation,closed maintenance,currently closed
lands end,toward end,lands end,end route,north end,south end,towards end
magic kingdom,six flags,flags magic,disney magic,magic kingdom
league baseball,dodger fan,baseball match,padres game,game dodger,baseball stadium,baseball fan,giants fans,baseball fans,baseball team,league baseball,baseball game,mlb stadium,dodger fans,baseball stadiums,dodger stadium,dodger game
wide variety,wide variety,wide ranging,wide selection,wide range
school groups,age group,age groups,school groups
three days,three days,two days,two nights,two weeks
use restroom,public transport,use restroom,use public,use bathroom
lyft uber,taxi driver,caught bus,shuttle buses,uber driver,muni bus,trolley bus,lyft uber,hop trolley,bus driver,caught uber,hop bus,uber lyft,bus metro,shuttle bus
well organized,beautifully kept,beautifully landscaped,well organized,beautifully laid,nicely maintained,well curated,well maintained,nicely laid,well presented,well manicured,well preserved,well kept,well cared,beautifully preserved,beautifully maintained,well organised,well designed
cliffs overlooking,pacific ocean,rugged coastline,east coast,west coast,overlooking pacific,pacific coastline,coastal bluffs,stretch coastline,mendocino coast,pacific coast,coastal walks,overlooking ocean,cliffs overlooking
locals alike,locals alike,tourists alike
stuck traffic,traffic horrible,stuck traffic
highest point,fort point,glacier point,point loma,zabriskie point,vista point,vantage point,point lobos,highest point,fort rosecrans,salt flats,point north,badwater lowest,observation point,flats badwater,lowest point,lookout point,badwater basin
chinese garden,chinese japanese,chinese garden,chinese gardens,japanese chinese
oceanside pier,pismo beach,crystal pier,oceanside pier,pismo pier
hiking boots,hiking shoes,hiking boots
surrounding mountains,surrounding mountains,lake surrounding
tar pits,tar pits,brea tar
along waterfront,along embarcadero,along waterfront,along promenade,along boardwalk
disney hall,disney hall,disney concert
santa monica,monica venice,malibu santa,santa monica,santa cruz,santa barbara
natural environment,natural environment,natural habitat,animals natural
hundred yards,hundred yards,hundred feet,feet tall
three floors,three floors,three levels,two levels
ride bike,ride bike,ferry ride,rode bikes,bike ride,ride bikes
newport peninsula,island balboa,newport peninsula,balboa island,balboa peninsula
favourite part,favourite part,favorite part
may want,unless want,might want,may want
coaster ferris,wooden coaster,coaster ferris,ferris wheel,roller coasters,wooden roller,roller coaster
coastal views,scenery breathtaking,panoramic view,sweeping views,coastal views,view lake,breathtaking views,degree views,stunning views,tunnel view,degree view,panoramic views,dante view,spectacular views
dressed period,period costumes,dressed period
disney universal,disney universal,universal studios,universal citywalk
teenage son,brother law,son daughter,sister law,teenage son,daughter loves,son law,son loves,mom dad,teenage boys,teenage girls,daughter son,father law,daughter law,mother law,teenage daughter,wife loves
historic landmark,historic landmark,historical landmark
tourists locals,tourists locals,locals tourists
monterey carmel,south carmel,monterey peninsula,carmel bixby,carmel monterey,north island,east side,miles south,opposite side,south north,south side,north south,north side,monterey carmel,north america,miles north
previous trips,previous visits,previous trips
fishermans wharf,fishermans wharf,cannery row,fisherman wharf,wharf cannery
easily reached,easily accessible,easily reached,easily accessed
science museum,maritime museum,simon museum,auto museum,automotive museum,science museum,railroad museum,deyoung museum,art museum,norton simon,museum tells
mile trail,indian canyon,hiking trail,mile trail,paved trail,mile hike,falls nevada,panorama trail,nevada falls,runyon canyon,challenging hike,hike vernal,strenuous hike,loop trail,andreas canyon,vernal falls,muir woods,paved path,ridge trail,path paved,vernal nevada,muir trail,moderate hike,mile loop,trail leads,canyon trail,murray canyon,hiked murray,mist trail
vintage aircraft,vintage aircraft,vintage planes
free entry,free shuttle,free enter,free entry,admission free,free wifi,free admission,free charge
two hours,two hours,three hours,five hours,hour two,four hours
degrees cooler,degrees f,temperature degrees,degrees cooler,dry heat,cooler weather
short hike,short hikes,short hike
pretty neat,pretty cool,pretty neat
geared towards,geared towards,geared toward
climb rocks,climbing wall,wet slippery,rock climbing,slippery rocks,climb rocks,granite rock,rocks slippery,climbing rocks
quaint little,cute little,quaint little
peace quiet,quiet peaceful,calm peaceful,peaceful tranquil,calm relaxing,calm serene,peaceful serene,peace quiet,peaceful relaxing,quiet serene
tv movies,tv movies,movies tv,tv shows,tv show
recent years,last years,weeks ago,recent years
would advise,would suggest,would recommend,would advise
simply amazing,scenery breathtaking,absolutely breathtaking,absolutely gorgeous,simply breathtaking,simply amazing,absolutely stunning,simply stunning,absolutely beautiful
penny arcade,penny arcade,penny machines
zip lines,zip line,zip lines
walking jogging,walking biking,walking jogging,walking dogs,walking paths
san fran,san jose,san fransisco,san fran,san juan,san simeon,san francisco,san diego
located right,located near,located right
ice cream,chocolate store,chocolate sundae,chocolate ice,ice skating,apple store,chocolate factory,ice cream,ghirardelli chocolate,candy store
open space,open spaces,open space,open public
took uber,took uber,took lyft,took mins
state parks,state parks,national parks
around pm,around pm,around noon
months advance,weeks advance,month advance,months advance
job giving,job giving,job keeping,job explaining,volunteer docents,job making
decorated halloween,decorated christmas,holiday decorations,christmas holidays,holiday season,halloween decorations,christmas season,christmas holiday,christmas decorations,decorated halloween
wandering around,wandering around,wandered around
live performances,live entertainment,live performances,live music
feet elevation,elevation feet,ft elevation,feet elevation
oakland bay,oakland bay,east bay
hot dog,hot dogs,hot dog
la kings,la kings,la clippers,la lakers
pull offs,pull offs,pull outs
bixby creek,bixby creek,furnace creek
unforgettable experience,memorable experience,unforgettable experience
scary farm,scary farm,knotts scary,knott scary
hands activities,hands activities,interactive activities
floor ceiling,ground floor,floor ceiling
street musicians,street entertainers,street vendors,street musicians,street performers,street performances
hot fudge,hot fudge,hot chocolate
aerial tramway,aerial tram,aerial tramway
bucket list,list item,bucket list
third street,third street,rd street
several times,many times,numerous times,several times,multiple times
lookout points,lookout points,vista points,vantage points
taste wine,bottles wine,wine beer,sparkling wine,beer wine,cheese bread,wine club,sattui winery,wine cheese,sparkling wines,taste wine,cheese plate,wines taste,bottle wine,wine tasting,wines delicious,terrace tasting,dessert wines,wines tasted,wine tastings,mondavi wines,taste wines,sattui wines
three four,three four,two three,four five
piece architecture,victorian architecture,spanish architecture,architectural design,piece architecture,style architecture,architecture design,piece engineering,interior design
leave alone,let alone,leave alone
every direction,every turn,every direction
spend hours,spent hour,spent hours,hours kill,spend hour,spend hours
tasting room,tasting room,tasting rooms
ferry balboa,balboa ferry,ferry balboa,island balboa,ferry sausalito,coronado island,island ferry,balboa island,balboa peninsula
dropped us,helped us,saved us,advised us,dropped us,showed us,us entertained,telling us,told us,gave us
went weekday,went monday,went thursday,went saturday,went tuesday,went weekday,friday saturday
little pricy,little pricey,little pricy
rides shut,rides closed,rides shut
usual tourist,usual tourist,tourist trap,typical tourist,tourist junk
el capitan,el capitan,el cap
stories tell,telling story,tell story,stories told,stories tell,tells story,story walt
toy train,model trains,toy train,mine train,toy trains,steam train,model train
wooden walkways,wooden sidewalks,wooden walkway,wooden walkways
mondavi winery,mondavi winery,wines tasted,sparkling wine,wineries napa,robert mondavi,napa sonoma,mondavi wines,winery napa,v sattui,sattui winery,di amorosa,taste wines,castello di,sparkling wines,wines taste,sattui wines,domaine carneros,sterling vineyards
across bridge,across bridge,across golden
open pm,open pm,open late,open till,open til
greek theatre,greek theatre,greek theater
afraid heights,fear heights,scared heights,afraid heights
head towards,head towards,heading towards,heading north
side note,either side,side note
musicians playing,listening music,musicians playing,music playing,band playing,singing dancing,listen music,music dancing
glad came,glad came,glad went
follow signs,signs telling,signs warning,warning signs,signs saying,follow signs,signs posted
gorgeous scenery,scenery breathtaking,simply breathtaking,beautiful scenery,breathtaking views,gorgeous scenery
lake hollywood,hollywood hills,lake hollywood
veterans memorial,veterans memorial,tribute veterans,war memorial,tribute served
walkers runners,dogs leash,dog walkers,walkers runners,dogs welcome
check website,check schedule,check website
spaces available,bathrooms available,spaces available,public transport,public restrooms,public transit,toilet facilities,use public,public transportation,restroom facilities,public bathrooms,public restroom,bathroom facilities,public toilets,restrooms available,wheelchairs available
spending hours,hours kill,spending hours,spent hours
parked car,car rental,rented car,parked car,hire car,rental car
family friends,family friends,family vacation,friends family
morro rock,morro rock,rock morro
crashing rocks,surfing waves,crashing rocks,swim surf,crashing waves,waves roll,sand surf,catching waves,gentle waves,waves surfers,waves crashing
glass windows,colored glass,stained glass,glass pieces,glass windows,pieces glass
engine room,engine rooms,engine room
older ones,young ones,older ones
plan ahead,plan accordingly,plan ahead,planning ahead,already planning
save money,save money,waste money
fitness level,ground level,upper level,upper lower,multi level,lower level,level fitness,fitness level
sunset sunrise,sunrise sunset,sunset sunrise
brand names,name brands,name brand,brand names,brand name
taking photos,taking pictures,taking photos,taking pics,picture taking,taking selfies
let tell,let know,let tell
scenic drive,scenic drive,scenic route
large variety,large selection,large variety
top vernal,top vernal,reached top,reach top,top moro,top hill,climb top,steps top
car system,cable car,car system
sequoia np,falls flowing,death valley,upper falls,bridalveil falls,sequoia np,falls nevada,nevada falls,bridalveil fall,hike vernal,vernal falls,yosemite valley,spray falls,mcway falls,base falls,lower falls,yosemite falls,vernal nevada,nevada fall,yosemite np,lower yosemite,vernal fall,yosemite fall,bottom falls
windy chilly,dress layers,dress warm,cold wind,windy cold,warm clothes,water cold,windy chilly,chilly windy,cold windy,warm jacket,cold swim
life walt,life walt,walt life,reagan life,life aboard,insight life
boogie board,paddle board,boogie board
different vantage,different vantage,different angles
different colors,different colours,different colors
join guided,tour guides,docent tour,audio tours,join guided,audio guide,audio guides,self guided,private tour,guided tours,guided audio,docent tours,tour guide,vault tour,guided tour,audio tour
train ride,galaxy ride,ride joker,guardians galaxy,train ride
continue nevada,mcway falls,vernal fall,continue nevada,hike vernal,bridalveil falls,vernal nevada,vernal falls,nevada fall,falls nevada,nevada falls
recommend going,suggest going,recommend going
bit pricey,bit pricey,bit pricy
stay overnight,staying overnight,overnight stay,stayed overnight,stay overnight
feet wet,wet slippery,feet wet,slippery rocks,rocks slippery
historic building,restored buildings,original buildings,historic building,historical buildings,historic buildings
animal lover,animal lovers,animal lover
mirror room,infinity room,mirror room
less crowded,quieter less,less busy,less crowded
higher end,higher end,high end
ancient roman,victorian architecture,architectural design,western style,style architecture,frank gehry,spanish style,architecture design,greek roman,roman villa,victorian style,architectural details,interior design,roman style,ancient roman,spanish architecture,architectural styles
pictures justice,photos justice,snap photos,pictures justice
expectations high,expectations high,high expectations
state reserve,lobos state,state reserve
much bigger,much bigger,much smaller,much nicer,much larger
dodger dogs,dodger dogs,dodger dog
concert halls,concert halls,organ concert,concert venue,concert hall
th floor,rd floor,th floor,third floor,nd floor,second floor
small caf,small caf,small cafe
dolphin orca,orca encounter,bird show,dolphin show,lion show,fed giraffes,orca show,effects show,dolphin orca
sailing ships,sailing ship,ships submarines,sailing ships,model ships,ship models,aboard ship,navy ships
traffic heavy,traffic heavy,heavy traffic
describe beauty,describe beauty,sheer beauty,words describe,cannot describe,beyond words,appreciate beauty
west side,south north,south side,north south,north side,west side,east side,opposite side
authentic mexican,traditional mexican,authentic mexican,mexican american,mexican culture,mexican cuisine,authentic italian
ride gondola,ride gondola,rode gondola,elevator ride,gondola ride,tram ride
moonstone beach,redondo beach,beach volleyball,pismo beach,sandy beaches,moonstone beach,laguna beach,manhattan beach,newport beach,sandy beach,pismo pier,venice boardwalk,pebble beach,venice beach,huntington beach
valley national,sequoia national,valley national,yosemite national
available purchase,available purchase,discounts available
free samples,free sample,free samples
planetarium show,animal shows,shows planetarium,planetarium show,planetarium shows,animal actors
plan spend,plan spend,plan spending
united states,america finest,united states
infinity mirror,infinity mirror,mirror exhibit
carlsbad state,cove state,carlsbad state
last week,last weekend,last month,last year,last week,since last
movie theater,movie theaters,chinese theater,imax movie,movie theatre,imax theater,chinese theatre,imax movies,movie theater
metro rail,using metro,union square,alamo square,station union,metro station,metro rail,union station
two blocks,two blocks,three blocks
post impressionist,post impressionist,impressionist post
wealth information,detailed information,wealth information
items sale,jewelry clothing,vintage clothing,items sale,clothing stores
spent afternoon,spent afternoon,spend afternoon
spent couple,spending couple,spent couple,spend couple
navy base,military base,naval base,navy base
onto rocks,onto salt,salt flat,flats badwater,salt flats,onto rocks,badwater basin,badwater lowest
palm trees,palm oasis,palm trees,palm tree,palm desert
missions california,missions california,california state,east coast,west coast,california coast,southern california,california coastline,pacific coast,northern california,california missions,central california,southern ca
gets packed,crowded weekends,gets packed,crowded noisy,busy weekends,overly crowded,gets busy,gets crowded
lower levels,fitness levels,lower levels
academy science,sciences de,academy science,academy sciences
kids play,playground kids,kids play,children playground
watched surfers,crashing waves,watched surfers,catching waves,waves surfers,waves crashing
golf courses,golf course,golf courses
tour buses,bus tour,tour buses
capital building,capital building,capitol building
feel like,feel like,seems like,feels like,looks like
spend least,spend least,spending least
half hour,hour half,half hour
car enthusiast,car enthusiasts,car enthusiast
could barely,could possibly,could barely
historic district,historic district,spanish village
type stuff,stalls selling,type stuff,selling souvenirs,stores selling,selling stuff
waiting lines,wait line,waiting lines,waiting line,waited line
sun setting,setting sun,sun setting
muscle beach,beach volleyball,muscle beach,sandy beach
cypress grove,torrey pines,cypress grove,torrey pine
birds eye,birds butterflies,bird eye,sharks rays,birds eye,birds flying,rays sharks
difficult find,hard find,difficult find
knott berry,knott berry,knotts berry,berry farm
spanish mission,spanish mission,mission church
state capitol,state capital,state capitol
one roof,one roof,one helicopter,force one
wheelchairs strollers,wheelchairs strollers,strollers wheelchairs
high prices,prices high,high quality,high prices,prices higher
exotic animals,animals plants,exotic animals,plants animals
download app,using app,download app
tourist attraction,tourist trap,typical tourist,tourist attraction
sit rest,benches rest,sit rest
hours touring,hours touring,hours exploring
staying hotel,stayed hotel,staying hotel
club member,club members,club member
metro train,amtrak train,metro train,train station,metro trains
lit night,lit night,night lights,night lit,lights night
strongly suggest,highly recommended,strongly suggest,highly suggest,strongly recommended,highly recommend,strongly recommend
thrill rides,roller coasters,thrilling rides,thrill rides,roller coaster
art lovers,art lover,art lovers
knowing expect,know expect,knowing expect
water fountains,water fountains,water fountain
clean restrooms,clean restrooms,bathrooms clean,clean bathrooms,restrooms clean
hollywood boulevard,hollywood blvd,hollywood boulevard
world series,world war,world class,world largest,world series
since child,since kid,since child
recently visited,recently visited,visited twice,went twice
toy store,lego store,toy store
hiking trails,loop trail,hiking trail,hiking trails
long queues,long lines,lines long,long queues,long queue,wait long,long line,long waits
hundreds years,thousands years,hundreds years
easy access,easy navigate,easy follow,easy access,fairly easy,relatively easy
sat bench,sitting bench,sit bench,sat bench
tide pool,tide pool,tide pools,tidal pools
make reservation,make reservation,make reservations
shopping mall,shopping malls,shopping mall,outlet stores,shopping district,outlet mall
nature lover,nature lovers,nature lover
trees plants,trees plants,plants trees,flowers plants,desert plants,flowers trees,plants flowers,flowers bloom
uss iowa,uss midway,uss iowa,battleship uss
heading south,heading towards,heading north,headed south,heading south
felt safe,feel safe,felt safe,feels safe
words cannot,words cannot,words describe,cannot describe
cruise ships,cruise ships,cruise ship
ocean breeze,ocean breeze,ocean breezes
ft sea,feet sea,ft sea
truly magnificent,truly magnificent,truly remarkable,truly magical,truly awe,awe inspiring,truly spectacular
spent whole,spend whole,spent whole,spend entire,spent entire
mile round,miles round,mile round
saw whales,saw dolphins,saw whales
hidden gem,hidden treasure,hidden gem
water flow,water flowing,water flow
reasonable prices,fee reasonable,price reasonable,reasonable price,reasonable priced,prices reasonable,reasonably priced,discounted price,reasonable prices,admission reasonable
allow least,plan least,allow least
barbara county,barbara county,county courthouse
picture taken,pictures taken,picture taken,photos taken,photo taken
educational entertaining,educational entertaining,entertaining informative
university campus,university campus,stanford campus,stanford university
buy souvenirs,buy souvenirs,selling souvenirs,cheap souvenirs
gets cold,gets cold,gets hot
fresh produce,fresh produce,fresh seafood,fresh crab,fresh fish,fresh fruit
china japan,china japan,india china
buying bottles,bought bottles,buying bottles
heavy snow,winter spring,fall winter,due rain,heavy snow,heavy rain
outdoor pool,indoor pool,outdoor pool
ten bucks,costs per,ten bucks,per vehicle,ten dollars,dollars per,paid per,paying per
asian countries,european american,native american,american artists,american war,asian countries
lombard street,across street,lombard street
volleyball players,boogie boarding,volleyball courts,surfing boogie,surfers volleyball,volleyball players,boarding surfing,basketball courts
benches sit,sitting bench,sit grass,sit bench,benches sit
st floor,st floor,rd floor,third floor,nd floor
military id,military id,military discount
edge cliff,rock face,waters edge,edge cliff,cliff face
boats ships,boats ships,ships boats
come back,go back,come back
learning history,history buffs,history lesson,learn history,learning history,piece history,history buff
due heat,due rain,due heat,heavy rain
sit soak,sit enjoy,sit soak,sit relax
cast member,cast member,cast members
wish could,wished could,wish could
disneyland california,california adventure,disneyland california
third base,third base,rd base
getty centre,getty center,getty centre
planetarium aquarium,aquarium planetarium,planetarium aquarium
state park,national park,state park
rail cars,cable cars,rail cars
somewhere else,somewhere else,anywhere else,anything else,nothing else
farmer market,farmer market,farmers market,farmers markets
ferry landing,ferry landing,ferry boat
venice canals,canals venice,venice beach,venice canals,venice boardwalk
natural wonder,natural wonder,natural beauty
wheelchair accessible,wheelchair accessible,handicap accessible
park rangers,park rangers,park ranger
wide smooth,wide smooth,wide sandy
hill overlooking,atop hill,hill overlooking,nob hill
places earth,places earth,places planet
ocean ave,ocean ave,ocean avenue
sorry say,sorry say,honestly say
fills quickly,fill quickly,fill fast,fills fast,fills quickly
shuttle endeavor,shuttle endeavor,shuttle endeavour
read reviews,reading reviews,read reviews
scattered throughout,spread throughout,scattered throughout
spending time,kill time,spending time
mining town,china town,mining town,ghost town
historic site,historic site,historical site
right beside,right beside,right front,directly front
ft bragg,ft bragg,ft rosecrans
hustle bustle,hustle bustle,escape hustle
amongst giants,among giants,amongst giants
wooden boardwalk,wooden boardwalk,wooden pier
whole day,whole day,entire day
takes hour,takes minutes,takes hour
fish chips,fresh seafood,fresh crab,fresh fish,fish chips,fish tacos
want leave,unless want,want leave,might want
juan capistrano,capistrano mission,juan capistrano
tide low,tide low,low tide
huntington library,huntington library,huntington mansion
engineering marvel,engineering marvel,architectural wonder
arts theatre,chinese theater,arts theatre,chinese theatre,movie theatre
morro bay,morro bay,monterey bay
paddle boat,sail boat,pilot boat,paddle boat
coast highway,west coast,coastal highway,pacific coast,coast highway,east coast
upper yosemite,lower yosemite,upper falls,upper yosemite,lower falls,bottom falls,falls nevada,nevada falls
painted ladies,painted ladies,victorian architecture,spanish architecture,houses painted,style architecture,famous painted,victorian homes,victorian houses,architecture design,victorian style
minute video,minute film,minute video
holiday lights,christmas lights,holiday lights
tiny pieces,glass pieces,stained glass,bits pieces,pieces glass,tiny pieces
paying attention,pay attention,paying attention
relax enjoy,relax enjoy,sit enjoy,sit relax
one favorite,one favorite,one favourite,one best,one nicest
avoid weekends,avoid crowd,avoid weekends,avoid traffic,avoid crowds
pines gliderport,pines gliderport,torrey pines,torrey pine
walking path,walking biking,walking trails,walking paths,walking path
restaurants nearby,boutiques restaurants,chain restaurants,cafes restaurants,restaurants nearby,hotels restaurants,bars restaurants,restaurants bars,restaurants cafes,stores restaurants
take pics,take pictures,take picture,take pic,take photos,take pics
stars names,stars names,names stars
residential neighborhood,residential neighborhood,residential streets
bit disappointing,bit disappointing,bit disappointed
th wedding,th wedding,wedding anniversary
less hour,less hour,less minutes
sign posted,sign says,sign posted
whale watch,whale watching,whale watch
beach golf,pebble beach,laguna beach,beach golf,newport beach
shopping center,shopping centre,shopping center
health issues,limited mobility,health issues,mobility issues
exactly expected,exactly expected,guess expected
rock formation,rock formations,rock face,cliff face,rock climbing,moro rock,granite rock,rock formation,rock climbers
golden gate,gg bridge,gate bridge,golden gate
twice year,last year,last month,twice year
wild animal,wild animals,wild animal
wheel chairs,wheel chair,wheel chairs
biggest tree,biggest tree,largest tree
play volleyball,surfing boogie,playing sand,boarding surfing,playing volleyball,play volleyball
indian canyons,indian canyon,murray canyon,indian canyons
different levels,different sections,different levels
boys ages,boys ages,grandchildren ages
palace fine,fine arts,palace fine,fine art
end wharf,end pier,end wharf
ghiradelli square,ghirardelli square,ghiradelli square
marked trails,trails lead,trails leading,marked trails
reserve tasting,reserve wines,reserve tasting
bay cruise,bay cruise,harbor cruise
places eat,places grab,places eat,places sit,places dine
main strip,main strip,main street
park opens,park closes,park opens
saturday market,saturday farmer,saturday market
blocks away,blocks away,block away
directly across,right across,directly across
amusement park,theme park,amusement park
keep entertained,keep occupied,keep entertained
science centre,science center,science centre
theme parks,theme parks,amusement parks
citadel outlets,brand stores,outlet mall,citadel outlets,chain stores,outlet stores,retail stores,retail outlets
definite must,absolute must,definite must
quaint town,seaside town,quaint town
shake shack,snack shack,shake shack,snack bar
entire family,whole family,entire family
petco park,petco park,ball park
go early,come early,go early
called ruby,called ruby,restaurant called
really neat,really neat,really cool
problem finding,problem finding,trouble finding
grand central,grand avenue,grand central
warm sunny,warm sunny,sunny warm
different types,different kinds,different types
need permit,need permit,need worry
closes pm,closes pm,arrived opening,till pm
always pleasure,always pleasure,always joy
short film,short video,short film
never heard,never heard,never knew
disney fan,disney fans,disney fan
